"31.10.19";"08:00";"12:30";"HFI4-3733 Virtualisierung";"Bern IFA";"270";"Europe/Zurich";"31.10.19, 12:30";"Europe/Zurich";"0";"270";"";"";"";"";"";"";"False";"";"False";"";"Ohne";"Europe/Zurich";"31.10.19, 12:30";"Europe/Zurich";"0";"270";"";"";"";"";"";"";"False"
"31.10.19";"17:00";"21:30";"HFI2-9832 IT-Betrieb und Monitoring mit BASH-Scripting";"St. Gallen IFA";"270";"Europe/Zurich";"31.10.19, 21:30";"Europe/Zurich";"0";"270";"";"";"";"";"";"";"False";"";"False";"";"Ohne";"Europe/Zurich";"31.10.19, 21:30";"Europe/Zurich";"0";"270";"";"";"";"";"";"";"False"
"01.11.19";"08:00";"12:30";"HFWI5-3733 Programmiersprachen und Datenbankabfragen";"Bern IFA";"270";"Europe/Zurich";"01.11.19, 12:30";"Europe/Zurich";"0";"270";"";"";"";"";"";"";"False";"";"False";"";"Ohne";"Europe/Zurich";"01.11.19, 12:30";"Europe/Zurich";"0";"270";"";"";"";"";"";"";"False"
"04.11.19";"17:45";"21:15";"INFSYS2-8832 Virtualisierungslösungen konzipieren und realisieren";"Zürich Altstetten IFA";"210";"Europe/Zurich";"04.11.19, 21:15";"Europe/Zurich";"0";"210";"";"";"";"";"";"";"False";"";"False";"";"Ohne";"Europe/Zurich";"04.11.19, 21:15";"Europe/Zurich";"0";"210";"";"";"";"";"";"";"False"
"05.11.19";"17:45";"21:30";"HFI4-8732 Virtualisierung";"Zürich Altstetten IFA";"225";"Europe/Zurich";"05.11.19, 21:30";"Europe/Zurich";"0";"225";"";"";"";"";"";"";"False";"";"False";"";"Ohne";"Europe/Zurich";"05.11.19, 21:30";"Europe/Zurich";"0";"225";"";"";"";"";"";"";"False"
"06.11.19";"09:00";"12:30";"HFWI5-9713 Programmiersprachen und Datenbankabfragen";"St. Gallen IFA";"210";"Europe/Zurich";"06.11.19, 12:30";"Europe/Zurich";"0";"210";"";"";"";"";"";"";"False";"";"False";"";"Ohne";"Europe/Zurich";"06.11.19, 12:30";"Europe/Zurich";"0";"210";"";"";"";"";"";"";"False"
"07.11.19";"17:45";"21:30";"HFI2-9832 IT-Betrieb und Monitoring mit BASH-Scripting";"St. Gallen IFA";"225";"Europe/Zurich";"07.11.19, 21:30";"Europe/Zurich";"0";"225";"";"";"";"";"";"";"False";"";"False";"";"Ohne";"Europe/Zurich";"07.11.19, 21:30";"Europe/Zurich";"0";"225";"";"";"";"";"";"";"False"
"08.11.19";"13:00";"17:30";"HFWI5-3733 Programmiersprachen und Datenbankabfragen";"Bern IFA";"270";"Europe/Zurich";"08.11.19, 17:30";"Europe/Zurich";"0";"270";"";"";"";"";"";"";"False";"";"False";"";"Ohne";"Europe/Zurich";"08.11.19, 17:30";"Europe/Zurich";"0";"270";"";"";"";"";"";"";"False"
"09.11.19";"18:00";"23:00";"60. Charlotte + Wolfgang";"Bad Zurzach";"300";"Europe/Zurich";"09.11.19, 23:00";"Europe/Zurich";"0";"300";"";"";"";"";"";"";"False";"";"False";"Beschäftigt";"Ohne";"Europe/Zurich";"09.11.19, 23:00";"Europe/Zurich";"0";"300";"";"";"";"";"";"";"False"
"11.11.19";"13:00";"16:30";"INFSYS2-8831 Virtualisierungslösungen konzipieren und realisieren";"Zürich Altstetten IFA";"210";"Europe/Zurich";"11.11.19, 16:30";"Europe/Zurich";"0";"210";"";"";"";"";"";"";"False";"";"False";"";"Ohne";"Europe/Zurich";"11.11.19, 16:30";"Europe/Zurich";"0";"210";"";"";"";"";"";"";"False"
"11.11.19";"17:45";"21:15";"INFSYS2-8832 Virtualisierungslösungen konzipieren und realisieren";"(J. Reinholdt)";"210";"Europe/Zurich";"11.11.19, 21:15";"Europe/Zurich";"0";"210";"";"";"";"";"";"";"False";"";"False";"";"Ohne";"Europe/Zurich";"11.11.19, 21:15";"Europe/Zurich";"0";"210";"";"";"";"";"";"";"False"
"12.11.19";"17:00";"21:30";"HFI4-8732 Virtualisierung";"Zürich Altstetten IFA";"270";"Europe/Zurich";"12.11.19, 21:30";"Europe/Zurich";"0";"270";"";"";"";"";"";"";"False";"";"False";"";"Ohne";"Europe/Zurich";"12.11.19, 21:30";"Europe/Zurich";"0";"270";"";"";"";"";"";"";"False"
"13.11.19";"08:00";"12:30";"HFWI5-9713 Programmiersprachen und Datenbankabfragen";"St. Gallen IFA";"270";"Europe/Zurich";"13.11.19, 12:30";"Europe/Zurich";"0";"270";"";"";"";"";"";"";"False";"";"False";"";"Ohne";"Europe/Zurich";"13.11.19, 12:30";"Europe/Zurich";"0";"270";"";"";"";"";"";"";"False"
"14.11.19";"08:45";"12:30";"HFI2-8833 IT-Betrieb und Monitoring mit BASH-Scripting";"(J. Reinholdt)";"225";"Europe/Zurich";"14.11.19, 12:30";"Europe/Zurich";"0";"225";"";"";"";"";"";"";"False";"";"False";"";"Ohne";"Europe/Zurich";"14.11.19, 12:30";"Europe/Zurich";"0";"225";"";"";"";"";"";"";"False"
"14.11.19";"13:00";"17:30";"HFI2-8833 IT-Betrieb und Monitoring mit BASH-Scripting";"(J. Reinholdt)";"270";"Europe/Zurich";"14.11.19, 17:30";"Europe/Zurich";"0";"270";"";"";"";"";"";"";"False";"";"False";"";"Ohne";"Europe/Zurich";"14.11.19, 17:30";"Europe/Zurich";"0";"270";"";"";"";"";"";"";"False"
"15.11.19";"09:00";"12:30";"HFWI5-3713 Programmiersprachen und Datenbankabfragen";"Bern IFA";"210";"Europe/Zurich";"15.11.19, 12:30";"Europe/Zurich";"0";"210";"";"";"";"";"";"";"False";"";"False";"";"Ohne";"Europe/Zurich";"15.11.19, 12:30";"Europe/Zurich";"0";"210";"";"";"";"";"";"";"False"
"18.11.19";"13:00";"16:30";"INFSYS2-8831 Virtualisierungslösungen konzipieren und realisieren";"Zürich Altstetten IFA";"210";"Europe/Zurich";"18.11.19, 16:30";"Europe/Zurich";"0";"210";"";"";"";"";"";"";"False";"";"False";"";"Ohne";"Europe/Zurich";"18.11.19, 16:30";"Europe/Zurich";"0";"210";"";"";"";"";"";"";"False"
"19.11.19";"17:00";"21:30";"HFI4-8732 Virtualisierung";"Zürich Altstetten IFA";"270";"Europe/Zurich";"19.11.19, 21:30";"Europe/Zurich";"0";"270";"";"";"";"";"";"";"False";"";"False";"";"Ohne";"Europe/Zurich";"19.11.19, 21:30";"Europe/Zurich";"0";"270";"";"";"";"";"";"";"False"
"20.11.19";"13:00";"17:30";"HFWI5-9713 Programmiersprachen und Datenbankabfragen";"St. Gallen IFA";"270";"Europe/Zurich";"20.11.19, 17:30";"Europe/Zurich";"0";"270";"";"";"";"";"";"";"False";"";"False";"";"Ohne";"Europe/Zurich";"20.11.19, 17:30";"Europe/Zurich";"0";"270";"";"";"";"";"";"";"False"
"21.11.19";"08:00";"12:30";"HFI2-8833 IT-Betrieb und Monitoring mit BASH-Scripting";"Zürich Altstetten IBZ";"270";"Europe/Zurich";"21.11.19, 12:30";"Europe/Zurich";"0";"270";"";"";"";"";"";"";"False";"";"False";"";"Ohne";"Europe/Zurich";"21.11.19, 12:30";"Europe/Zurich";"0";"270";"";"";"";"";"";"";"False"
"21.11.19";"17:45";"21:15";"INFSYS2-8832 Virtualisierungslösungen konzipieren und realisieren";"Zürich Altstetten IFA";"210";"Europe/Zurich";"21.11.19, 21:15";"Europe/Zurich";"0";"210";"";"";"";"";"";"";"False";"";"False";"";"Ohne";"Europe/Zurich";"21.11.19, 21:15";"Europe/Zurich";"0";"210";"";"";"";"";"";"";"False"
"22.11.19";"08:00";"12:30";"HFWI5-3713 Programmiersprachen und Datenbankabfragen";"Bern IFA";"270";"Europe/Zurich";"22.11.19, 12:30";"Europe/Zurich";"0";"270";"";"";"";"";"";"";"False";"";"False";"";"Ohne";"Europe/Zurich";"22.11.19, 12:30";"Europe/Zurich";"0";"270";"";"";"";"";"";"";"False"
"23.11.19";"13:00";"16:30";"AKAD 1HFI_ZH1_H19 Inft02  ";"";"210";"Europe/Zurich";"23.11.19, 16:30";"Europe/Zurich";"0";"210";"";"";"";"";"";"";"False";"";"False";"Beschäftigt";"Ohne";"Europe/Zurich";"23.11.19, 16:30";"Europe/Zurich";"0";"210";"";"";"";"";"";"";"False"
"25.11.19";"13:00";"16:30";"INFSYS2-8831 Virtualisierungslösungen konzipieren und realisieren";"Zürich Altstetten IFA";"210";"Europe/Zurich";"25.11.19, 16:30";"Europe/Zurich";"0";"210";"";"";"";"";"";"";"False";"";"False";"";"Ohne";"Europe/Zurich";"25.11.19, 16:30";"Europe/Zurich";"0";"210";"";"";"";"";"";"";"False"
"26.11.19";"17:00";"21:30";"HFI4-8732 Virtualisierung";"Zürich Altstetten IFA";"270";"Europe/Zurich";"26.11.19, 21:30";"Europe/Zurich";"0";"270";"";"";"";"";"";"";"False";"";"False";"";"Ohne";"Europe/Zurich";"26.11.19, 21:30";"Europe/Zurich";"0";"270";"";"";"";"";"";"";"False"
"27.11.19";"08:00";"12:30";"HFWI5-9713 Programmiersprachen und Datenbankabfragen";"St. Gallen IFA";"270";"Europe/Zurich";"27.11.19, 12:30";"Europe/Zurich";"0";"270";"";"";"";"";"";"";"False";"";"False";"";"Ohne";"Europe/Zurich";"27.11.19, 12:30";"Europe/Zurich";"0";"270";"";"";"";"";"";"";"False"
"28.11.19";"08:00";"12:30";"HFI4-3733 Virtualisierung";"Bern IFA";"270";"Europe/Zurich";"28.11.19, 12:30";"Europe/Zurich";"0";"270";"";"";"";"";"";"";"False";"";"False";"";"Ohne";"Europe/Zurich";"28.11.19, 12:30";"Europe/Zurich";"0";"270";"";"";"";"";"";"";"False"
"28.11.19";"17:45";"21:15";"INFSYS2-8832 Virtualisierungslösungen konzipieren und realisieren";"Zürich Altstetten IFA";"210";"Europe/Zurich";"28.11.19, 21:15";"Europe/Zurich";"0";"210";"";"";"";"";"";"";"False";"";"False";"";"Ohne";"Europe/Zurich";"28.11.19, 21:15";"Europe/Zurich";"0";"210";"";"";"";"";"";"";"False"
"29.11.19";"08:00";"12:30";"HFWI5-3733 Programmiersprachen und Datenbankabfragen";"Bern IFA";"270";"Europe/Zurich";"29.11.19, 12:30";"Europe/Zurich";"0";"270";"";"";"";"";"";"";"False";"";"False";"";"Ohne";"Europe/Zurich";"29.11.19, 12:30";"Europe/Zurich";"0";"270";"";"";"";"";"";"";"False"
"29.11.19";"13:00";"17:30";"HFWI5-3713 Programmiersprachen und Datenbankabfragen";"Bern IFA";"270";"Europe/Zurich";"29.11.19, 17:30";"Europe/Zurich";"0";"270";"";"";"";"";"";"";"False";"";"False";"";"Ohne";"Europe/Zurich";"29.11.19, 17:30";"Europe/Zurich";"0";"270";"";"";"";"";"";"";"False"
"30.11.19";"13:00";"16:30";"AKAD 1HFI_ZH1_H19 Inft03  ";"";"210";"Europe/Zurich";"30.11.19, 16:30";"Europe/Zurich";"0";"210";"";"";"";"";"";"";"False";"";"False";"Beschäftigt";"Ohne";"Europe/Zurich";"30.11.19, 16:30";"Europe/Zurich";"0";"210";"";"";"";"";"";"";"False"
"02.12.19";"08:00";"16:30";"Techem Ableser und Gerätewechsel";"";"510";"Europe/Zurich";"02.12.19, 16:30";"Europe/Zurich";"0";"510";"";"";"";"";"";"";"False";"";"False";"Beschäftigt";"Ohne";"Europe/Zurich";"02.12.19, 16:30";"Europe/Zurich";"0";"510";"";"";"";"";"";"";"False"
"03.12.19";"17:40";"21:40";"AKAD 2HFWI_ZH2_F19 InfT06";"";"240";"Europe/Zurich";"03.12.19, 21:40";"Europe/Zurich";"0";"240";"";"";"";"";"";"";"False";"";"False";"Beschäftigt";"Ohne";"Europe/Zurich";"03.12.19, 21:40";"Europe/Zurich";"0";"240";"";"";"";"";"";"";"False"
"05.12.19";"08:00";"12:30";"HFI4-3733 Virtualisierung";"Bern IFA";"270";"Europe/Zurich";"05.12.19, 12:30";"Europe/Zurich";"0";"270";"";"";"";"";"";"";"False";"";"False";"";"Ohne";"Europe/Zurich";"05.12.19, 12:30";"Europe/Zurich";"0";"270";"";"";"";"";"";"";"False"
"05.12.19";"17:45";"21:15";"INFSYS2-8832 Virtualisierungslösungen konzipieren und realisieren";"(J. Reinholdt)";"210";"Europe/Zurich";"05.12.19, 21:15";"Europe/Zurich";"0";"210";"";"";"";"";"";"";"False";"";"False";"";"Ohne";"Europe/Zurich";"05.12.19, 21:15";"Europe/Zurich";"0";"210";"";"";"";"";"";"";"False"
"06.12.19";"08:00";"12:30";"HFWI5-3713 Programmiersprachen und Datenbankabfragen";"Bern IFA";"270";"Europe/Zurich";"06.12.19, 12:30";"Europe/Zurich";"0";"270";"";"";"";"";"";"";"False";"";"False";"";"Ohne";"Europe/Zurich";"06.12.19, 12:30";"Europe/Zurich";"0";"270";"";"";"";"";"";"";"False"
"07.12.19";"09:00";"10:00";"Moods MADELEINE PEYROUX";"";"60";"Europe/Zurich";"07.12.19, 10:00";"Europe/Zurich";"0";"60";"";"";"";"";"";"";"False";"";"False";"Beschäftigt";"Ohne";"Europe/Zurich";"07.12.19, 10:00";"Europe/Zurich";"0";"60";"";"";"";"";"";"";"False"
"07.12.19";"13:00";"16:30";"AKAD 1HFI_ZH1_H19 Inft04  ";"";"210";"Europe/Zurich";"07.12.19, 16:30";"Europe/Zurich";"0";"210";"";"";"";"";"";"";"False";"";"False";"Beschäftigt";"Ohne";"Europe/Zurich";"07.12.19, 16:30";"Europe/Zurich";"0";"210";"";"";"";"";"";"";"False"
"09.12.19";"13:00";"16:30";"INFSYS2-8831 Virtualisierungslösungen konzipieren und realisieren";"Zürich Altstetten IFA";"210";"Europe/Zurich";"09.12.19, 16:30";"Europe/Zurich";"0";"210";"";"";"";"";"";"";"False";"";"False";"";"Ohne";"Europe/Zurich";"09.12.19, 16:30";"Europe/Zurich";"0";"210";"";"";"";"";"";"";"False"
"10.12.19";"17:00";"18:30";"HFI4-8732 Virtualisierung";"Zürich Altstetten IFA";"90";"Europe/Zurich";"10.12.19, 18:30";"Europe/Zurich";"0";"90";"";"";"";"";"";"";"False";"";"False";"";"Ohne";"Europe/Zurich";"10.12.19, 18:30";"Europe/Zurich";"0";"90";"";"";"";"";"";"";"False"
"12.12.19";"13:45";"15:15";"HFI4-3733 Virtualisierung";"Bern IFA";"90";"Europe/Zurich";"12.12.19, 15:15";"Europe/Zurich";"0";"90";"";"";"";"";"";"";"False";"";"False";"";"Ohne";"Europe/Zurich";"12.12.19, 15:15";"Europe/Zurich";"0";"90";"";"";"";"";"";"";"False"
"12.12.19";"15:15";"16:00";"HFI4-3733 Virtualisierung";"Bern IFA";"45";"Europe/Zurich";"12.12.19, 16:00";"Europe/Zurich";"0";"45";"";"";"";"";"";"";"False";"";"False";"";"Ohne";"Europe/Zurich";"12.12.19, 16:00";"Europe/Zurich";"0";"45";"";"";"";"";"";"";"False"
"12.12.19";"17:45";"21:15";"INFSYS2-8832 Virtualisierungslösungen konzipieren und realisieren";"Zürich Altstetten IFA";"210";"Europe/Zurich";"12.12.19, 21:15";"Europe/Zurich";"0";"210";"";"";"";"";"";"";"False";"";"False";"";"Ohne";"Europe/Zurich";"12.12.19, 21:15";"Europe/Zurich";"0";"210";"";"";"";"";"";"";"False"
"13.12.19";"13:00";"17:30";"HFWI5-3733 Programmiersprachen und Datenbankabfragen";"Bern IFA";"270";"Europe/Zurich";"13.12.19, 17:30";"Europe/Zurich";"0";"270";"";"";"";"";"";"";"False";"";"False";"";"Ohne";"Europe/Zurich";"13.12.19, 17:30";"Europe/Zurich";"0";"270";"";"";"";"";"";"";"False"
"16.12.19";"13:00";"16:30";"INFSYS2-8831 Virtualisierungslösungen konzipieren und realisieren";"Zürich Altstetten IFA";"210";"Europe/Zurich";"16.12.19, 16:30";"Europe/Zurich";"0";"210";"";"";"";"";"";"";"False";"";"False";"";"Ohne";"Europe/Zurich";"16.12.19, 16:30";"Europe/Zurich";"0";"210";"";"";"";"";"";"";"False"
"20.12.19";"09:00";"12:30";"HFWI5-3733 Programmiersprachen und Datenbankabfragen";"Bern IFA";"210";"Europe/Zurich";"20.12.19, 12:30";"Europe/Zurich";"0";"210";"";"";"";"";"";"";"False";"";"False";"";"Ohne";"Europe/Zurich";"20.12.19, 12:30";"Europe/Zurich";"0";"210";"";"";"";"";"";"";"False"
"23.12.19";"08:00";"17:00";"xmas-Ferien";"";"20700";"Europe/Zurich";"06.01.20, 17:00";"Europe/Zurich";"0";"20700";"";"";"";"";"";"";"False";"";"False";"Beschäftigt";"Bestätigt";"Europe/Zurich";"06.01.20, 17:00";"Europe/Zurich";"0";"20700";"";"";"";"";"";"";"False"
"06.01.20";"13:00";"16:30";"INFSYS2-8831 Virtualisierungslösungen konzipieren und realisieren";"Zürich Altstetten IFA";"210";"Europe/Zurich";"06.01.20, 16:30";"Europe/Zurich";"0";"210";"";"";"";"";"";"";"False";"";"False";"";"Ohne";"Europe/Zurich";"06.01.20, 16:30";"Europe/Zurich";"0";"210";"";"";"";"";"";"";"False"
"09.01.20";"17:00";"21:30";"HFWI6-8712 Software-Architekturen";"Zürich Altstetten IBZ";"270";"Europe/Zurich";"09.01.20, 21:30";"Europe/Zurich";"0";"270";"";"";"";"";"";"";"False";"";"False";"";"Ohne";"Europe/Zurich";"09.01.20, 21:30";"Europe/Zurich";"0";"270";"";"";"";"";"";"";"False"
"10.01.20";"08:00";"12:30";"HFWI5-3733 Programmiersprachen und Datenbankabfragen";"Bern IFA";"270";"Europe/Zurich";"10.01.20, 12:30";"Europe/Zurich";"0";"270";"";"";"";"";"";"";"False";"";"False";"";"Ohne";"Europe/Zurich";"10.01.20, 12:30";"Europe/Zurich";"0";"270";"";"";"";"";"";"";"False"
"13.01.20";"13:00";"16:30";"INFSYS2-8831 Virtualisierungslösungen konzipieren und realisieren";"Zürich Altstetten IFA";"210";"Europe/Zurich";"13.01.20, 16:30";"Europe/Zurich";"0";"210";"";"";"";"";"";"";"False";"";"False";"";"Ohne";"Europe/Zurich";"13.01.20, 16:30";"Europe/Zurich";"0";"210";"";"";"";"";"";"";"False"
"13.01.20";"17:45";"21:15";"INFSYS2-8832 Virtualisierungslösungen konzipieren und realisieren";"(J. Reinholdt)";"210";"Europe/Zurich";"13.01.20, 21:15";"Europe/Zurich";"0";"210";"";"";"";"";"";"";"False";"";"False";"";"Ohne";"Europe/Zurich";"13.01.20, 21:15";"Europe/Zurich";"0";"210";"";"";"";"";"";"";"False"
"14.01.20";"17:40";"21:40";"AKAD 1HFWI_ZH2_H19";"";"240";"Europe/Zurich";"14.01.20, 21:40";"Europe/Zurich";"0";"240";"";"";"";"";"";"";"False";"";"False";"Beschäftigt";"Ohne";"Europe/Zurich";"14.01.20, 21:40";"Europe/Zurich";"0";"240";"";"";"";"";"";"";"False"
"16.01.20";"17:00";"21:30";"HFWI6-8712 Software-Architekturen";"Zürich Altstetten IBZ";"270";"Europe/Zurich";"16.01.20, 21:30";"Europe/Zurich";"0";"270";"";"";"";"";"";"";"False";"";"False";"";"Ohne";"Europe/Zurich";"16.01.20, 21:30";"Europe/Zurich";"0";"270";"";"";"";"";"";"";"False"
"17.01.20";"13:00";"17:30";"HFWI5-3733 Programmiersprachen und Datenbankabfragen";"Bern IFA";"270";"Europe/Zurich";"17.01.20, 17:30";"Europe/Zurich";"0";"270";"";"";"";"";"";"";"False";"";"False";"";"Ohne";"Europe/Zurich";"17.01.20, 17:30";"Europe/Zurich";"0";"270";"";"";"";"";"";"";"False"
"21.01.20";"08:00";"12:30";"HFWI6-8713 Software-Architekturen";"Zürich Altstetten IFA";"270";"Europe/Zurich";"21.01.20, 12:30";"Europe/Zurich";"0";"270";"";"";"";"";"";"";"False";"";"False";"";"Ohne";"Europe/Zurich";"21.01.20, 12:30";"Europe/Zurich";"0";"270";"";"";"";"";"";"";"False"
"21.01.20";"17:40";"21:40";"AKAD 2HFWI_ZH2_F19";"";"240";"Europe/Zurich";"21.01.20, 21:40";"Europe/Zurich";"0";"240";"";"";"";"";"";"";"False";"";"False";"Beschäftigt";"Ohne";"Europe/Zurich";"21.01.20, 21:40";"Europe/Zurich";"0";"240";"";"";"";"";"";"";"False"
"23.01.20";"11:15";"12:15";"Augenärztin Dr. Walser";"";"60";"Europe/Zurich";"23.01.20, 12:15";"Europe/Zurich";"0";"60";"";"";"";"";"";"";"False";"";"False";"Beschäftigt";"Ohne";"Europe/Zurich";"23.01.20, 12:15";"Europe/Zurich";"0";"60";"";"";"";"";"";"";"False"
"28.01.20";"08:00";"12:30";"HFWI6-8713 Software-Architekturen";"Zürich Altstetten IFA";"270";"Europe/Zurich";"28.01.20, 12:30";"Europe/Zurich";"0";"270";"";"";"";"";"";"";"False";"";"False";"";"Ohne";"Europe/Zurich";"28.01.20, 12:30";"Europe/Zurich";"0";"270";"";"";"";"";"";"";"False"
"04.02.20";"13:00";"17:30";"HFWI6-8713 Software-Architekturen";"Zürich Altstetten IFA";"270";"Europe/Zurich";"04.02.20, 17:30";"Europe/Zurich";"0";"270";"";"";"";"";"";"";"False";"";"False";"";"Ohne";"Europe/Zurich";"04.02.20, 17:30";"Europe/Zurich";"0";"270";"";"";"";"";"";"";"False"
"04.02.20";"17:00";"21:30";"HFWI6-8712 Software-Architekturen";"Zürich Altstetten IFA";"270";"Europe/Zurich";"04.02.20, 21:30";"Europe/Zurich";"0";"270";"";"";"";"";"";"";"False";"";"False";"";"Ohne";"Europe/Zurich";"04.02.20, 21:30";"Europe/Zurich";"0";"270";"";"";"";"";"";"";"False"
"08.02.20";"13:05";"16:35";"AKAD 1HFWI_ZH1_H19";"";"210";"Europe/Zurich";"08.02.20, 16:35";"Europe/Zurich";"0";"210";"";"";"";"";"";"";"False";"";"False";"Beschäftigt";"Ohne";"Europe/Zurich";"08.02.20, 16:35";"Europe/Zurich";"0";"210";"";"";"";"";"";"";"False"
"11.02.20";"17:40";"21:05";"AKAD 1HFWI_ZH2_H19";"";"205";"Europe/Zurich";"11.02.20, 21:05";"Europe/Zurich";"0";"205";"";"";"";"";"";"";"False";"";"False";"Beschäftigt";"Ohne";"Europe/Zurich";"11.02.20, 21:05";"Europe/Zurich";"0";"205";"";"";"";"";"";"";"False"
"12.02.20";"08:00";"12:30";"HFWI6-9713 Software-Architekturen";"St. Gallen IFA";"270";"Europe/Zurich";"12.02.20, 12:30";"Europe/Zurich";"0";"270";"";"";"";"";"";"";"False";"";"False";"";"Ohne";"Europe/Zurich";"12.02.20, 12:30";"Europe/Zurich";"0";"270";"";"";"";"";"";"";"False"
"13.02.20";"08:00";"12:30";"HFI3-8833 IT-Architekturen";"Zürich Altstetten IFA";"270";"Europe/Zurich";"13.02.20, 12:30";"Europe/Zurich";"0";"270";"";"";"";"";"";"";"False";"";"False";"";"Ohne";"Europe/Zurich";"13.02.20, 12:30";"Europe/Zurich";"0";"270";"";"";"";"";"";"";"False"
"14.02.20";"08:00";"12:30";"HFWI6-3713 Software-Architekturen";"Bern IFA";"270";"Europe/Zurich";"14.02.20, 12:30";"Europe/Zurich";"0";"270";"";"";"";"";"";"";"False";"";"False";"";"Ohne";"Europe/Zurich";"14.02.20, 12:30";"Europe/Zurich";"0";"270";"";"";"";"";"";"";"False"
"18.02.20";"17:40";"21:05";"AKAD 1HFWI_ZH2_H19";"";"205";"Europe/Zurich";"18.02.20, 21:05";"Europe/Zurich";"0";"205";"";"";"";"";"";"";"False";"";"False";"Beschäftigt";"Ohne";"Europe/Zurich";"18.02.20, 21:05";"Europe/Zurich";"0";"205";"";"";"";"";"";"";"False"
"19.02.20";"08:00";"12:30";"HFWI6-9713 Software-Architekturen";"St. Gallen IFA";"270";"Europe/Zurich";"19.02.20, 12:30";"Europe/Zurich";"0";"270";"";"";"";"";"";"";"False";"";"False";"";"Ohne";"Europe/Zurich";"19.02.20, 12:30";"Europe/Zurich";"0";"270";"";"";"";"";"";"";"False"
"20.02.20";"08:00";"12:30";"HFI3-8833 IT-Architekturen";"Zürich Altstetten IFA";"270";"Europe/Zurich";"20.02.20, 12:30";"Europe/Zurich";"0";"270";"";"";"";"";"";"";"False";"";"False";"";"Ohne";"Europe/Zurich";"20.02.20, 12:30";"Europe/Zurich";"0";"270";"";"";"";"";"";"";"False"
"21.02.20";"08:00";"12:30";"HFWI6-3713 Software-Architekturen";"Bern IFA";"270";"Europe/Zurich";"21.02.20, 12:30";"Europe/Zurich";"0";"270";"";"";"";"";"";"";"False";"";"False";"";"Ohne";"Europe/Zurich";"21.02.20, 12:30";"Europe/Zurich";"0";"270";"";"";"";"";"";"";"False"
"22.02.20";"13:05";"16:35";"AKAD 1HFWI_ZH1_H19";"";"210";"Europe/Zurich";"22.02.20, 16:35";"Europe/Zurich";"0";"210";"";"";"";"";"";"";"False";"";"False";"Beschäftigt";"Ohne";"Europe/Zurich";"22.02.20, 16:35";"Europe/Zurich";"0";"210";"";"";"";"";"";"";"False"
"26.02.20";"13:00";"17:30";"HFWI6-9713 Software-Architekturen";"St. Gallen IFA";"270";"Europe/Zurich";"26.02.20, 17:30";"Europe/Zurich";"0";"270";"";"";"";"";"";"";"False";"";"False";"";"Ohne";"Europe/Zurich";"26.02.20, 17:30";"Europe/Zurich";"0";"270";"";"";"";"";"";"";"False"
"27.02.20";"08:00";"12:30";"HFI3-8833 IT-Architekturen";"Zürich Altstetten IFA";"270";"Europe/Zurich";"27.02.20, 12:30";"Europe/Zurich";"0";"270";"";"";"";"";"";"";"False";"";"False";"";"Ohne";"Europe/Zurich";"27.02.20, 12:30";"Europe/Zurich";"0";"270";"";"";"";"";"";"";"False"
"27.02.20";"17:00";"21:30";"HFWI6-8712 Software-Architekturen";"Zürich Altstetten IBZ";"270";"Europe/Zurich";"27.02.20, 21:30";"Europe/Zurich";"0";"270";"";"";"";"";"";"";"False";"";"False";"";"Ohne";"Europe/Zurich";"27.02.20, 21:30";"Europe/Zurich";"0";"270";"";"";"";"";"";"";"False"
"28.02.20";"13:00";"17:30";"HFWI6-3713 Software-Architekturen";"Bern IFA";"270";"Europe/Zurich";"28.02.20, 17:30";"Europe/Zurich";"0";"270";"";"";"";"";"";"";"False";"";"False";"";"Ohne";"Europe/Zurich";"28.02.20, 17:30";"Europe/Zurich";"0";"270";"";"";"";"";"";"";"False"
"03.03.20";"08:00";"12:30";"HFWI6-8713 Software-Architekturen";"Zürich Altstetten IFA";"270";"Europe/Zurich";"03.03.20, 12:30";"Europe/Zurich";"0";"270";"";"";"";"";"";"";"False";"";"False";"";"Ohne";"Europe/Zurich";"03.03.20, 12:30";"Europe/Zurich";"0";"270";"";"";"";"";"";"";"False"
"03.03.20";"17:40";"21:05";"AKAD 2HFWI_ZH2_F19 InfT08";"";"205";"Europe/Zurich";"03.03.20, 21:05";"Europe/Zurich";"0";"205";"";"";"";"";"";"";"False";"";"False";"Beschäftigt";"Ohne";"Europe/Zurich";"03.03.20, 21:05";"Europe/Zurich";"0";"205";"";"";"";"";"";"";"False"
"04.03.20";"13:30";"17:30";"Zusatz-Termin mit WISS DPIM-824";"";"240";"Europe/Zurich";"04.03.20, 17:30";"Europe/Zurich";"0";"240";"";"";"";"";"";"";"False";"";"False";"Beschäftigt";"Ohne";"Europe/Zurich";"04.03.20, 17:30";"Europe/Zurich";"0";"240";"";"";"";"";"";"";"False"
"05.03.20";"08:00";"12:30";"HFI3-8833 IT-Architekturen";"Zürich Altstetten IFA";"270";"Europe/Zurich";"05.03.20, 12:30";"Europe/Zurich";"0";"270";"";"";"";"";"";"";"False";"";"False";"";"Ohne";"Europe/Zurich";"05.03.20, 12:30";"Europe/Zurich";"0";"270";"";"";"";"";"";"";"False"
"06.03.20";"13:00";"17:30";"HFWI6-3713 Software-Architekturen";"Bern IFA";"270";"Europe/Zurich";"06.03.20, 17:30";"Europe/Zurich";"0";"270";"";"";"";"";"";"";"False";"";"False";"";"Ohne";"Europe/Zurich";"06.03.20, 17:30";"Europe/Zurich";"0";"270";"";"";"";"";"";"";"False"
"07.03.20";"13:05";"16:35";"AKAD 1HFWI_ZH1_H19";"";"210";"Europe/Zurich";"07.03.20, 16:35";"Europe/Zurich";"0";"210";"";"";"";"";"";"";"False";"";"False";"Beschäftigt";"Ohne";"Europe/Zurich";"07.03.20, 16:35";"Europe/Zurich";"0";"210";"";"";"";"";"";"";"False"
"10.03.20";"17:40";"21:05";"AKAD 1HFWI_ZH2_H19";"";"205";"Europe/Zurich";"10.03.20, 21:05";"Europe/Zurich";"0";"205";"";"";"";"";"";"";"False";"";"False";"Beschäftigt";"Ohne";"Europe/Zurich";"10.03.20, 21:05";"Europe/Zurich";"0";"205";"";"";"";"";"";"";"False"
"11.03.20";"08:00";"12:30";"HFWI6-9713 Software-Architekturen";"St. Gallen IFA";"270";"Europe/Zurich";"11.03.20, 12:30";"Europe/Zurich";"0";"270";"";"";"";"";"";"";"False";"";"False";"";"Ohne";"Europe/Zurich";"11.03.20, 12:30";"Europe/Zurich";"0";"270";"";"";"";"";"";"";"False"
"12.03.20";"08:00";"12:30";"HFI3-8833 IT-Architekturen";"Zürich Altstetten IFA";"270";"Europe/Zurich";"12.03.20, 12:30";"Europe/Zurich";"0";"270";"";"";"";"";"";"";"False";"";"False";"";"Ohne";"Europe/Zurich";"12.03.20, 12:30";"Europe/Zurich";"0";"270";"";"";"";"";"";"";"False"
"13.03.20";"08:00";"12:30";"HFWI6-3733 Software-Architekturen";"Bern IFA";"270";"Europe/Zurich";"13.03.20, 12:30";"Europe/Zurich";"0";"270";"";"";"";"";"";"";"False";"";"False";"";"Ohne";"Europe/Zurich";"13.03.20, 12:30";"Europe/Zurich";"0";"270";"";"";"";"";"";"";"False"
"17.03.20";"17:00";"21:30";"HFWI6-8732 Software-Architekturen";"Zürich Altstetten IBZ";"270";"Europe/Zurich";"17.03.20, 21:30";"Europe/Zurich";"0";"270";"";"";"";"";"";"";"False";"";"False";"";"Ohne";"Europe/Zurich";"17.03.20, 21:30";"Europe/Zurich";"0";"270";"";"";"";"";"";"";"False"
"18.03.20";"08:00";"12:30";"HFWI6-9733 Software-Architekturen";"(J. Reinholdt)";"270";"Europe/Zurich";"18.03.20, 12:30";"Europe/Zurich";"0";"270";"";"";"";"";"";"";"False";"";"False";"";"Ohne";"Europe/Zurich";"18.03.20, 12:30";"Europe/Zurich";"0";"270";"";"";"";"";"";"";"False"
"20.03.20";"08:00";"12:30";"HFWI6-3733 Software-Architekturen";"Bern IFA";"270";"Europe/Zurich";"20.03.20, 12:30";"Europe/Zurich";"0";"270";"";"";"";"";"";"";"False";"";"False";"";"Ohne";"Europe/Zurich";"20.03.20, 12:30";"Europe/Zurich";"0";"270";"";"";"";"";"";"";"False"
"21.03.20";"13:05";"16:35";"AKAD 1HFWI_ZH1_H19";"";"210";"Europe/Zurich";"21.03.20, 16:35";"Europe/Zurich";"0";"210";"";"";"";"";"";"";"False";"";"False";"Beschäftigt";"Ohne";"Europe/Zurich";"21.03.20, 16:35";"Europe/Zurich";"0";"210";"";"";"";"";"";"";"False"
"24.03.20";"17:00";"21:30";"HFWI6-8732 Software-Architekturen";"Zürich Altstetten IBZ";"270";"Europe/Zurich";"24.03.20, 21:30";"Europe/Zurich";"0";"270";"";"";"";"";"";"";"False";"";"False";"";"Ohne";"Europe/Zurich";"24.03.20, 21:30";"Europe/Zurich";"0";"270";"";"";"";"";"";"";"False"
"25.03.20";"08:00";"12:30";"HFWI6-9733 Software-Architekturen";"(J. Reinholdt)";"270";"Europe/Zurich";"25.03.20, 12:30";"Europe/Zurich";"0";"270";"";"";"";"";"";"";"False";"";"False";"";"Ohne";"Europe/Zurich";"25.03.20, 12:30";"Europe/Zurich";"0";"270";"";"";"";"";"";"";"False"
"26.03.20";"19:00";"21:00";"StwE-Versammlung, Laubholzstrasse 58, Erlenbach";"Laubholzstrasse 58, Erlenbach";"120";"Europe/Zurich";"26.03.20, 21:00";"Europe/Zurich";"0";"120";"";"";"";"";"";"";"False";"";"False";"Beschäftigt";"Ohne";"Europe/Zurich";"26.03.20, 21:00";"Europe/Zurich";"0";"120";"";"";"";"";"";"";"False"
"27.03.20";"13:00";"17:30";"HFWI6-3733 Software-Architekturen";"Bern IFA";"270";"Europe/Zurich";"27.03.20, 17:30";"Europe/Zurich";"0";"270";"";"";"";"";"";"";"False";"";"False";"";"Ohne";"Europe/Zurich";"27.03.20, 17:30";"Europe/Zurich";"0";"270";"";"";"";"";"";"";"False"
"01.04.20";"13:00";"17:30";"HFWI6-9733 Software-Architekturen";"(J. Reinholdt)";"270";"Europe/Zurich";"01.04.20, 17:30";"Europe/Zurich";"0";"270";"";"";"";"";"";"";"False";"";"False";"";"Ohne";"Europe/Zurich";"01.04.20, 17:30";"Europe/Zurich";"0";"270";"";"";"";"";"";"";"False"
"06.04.20";"17:00";"21:30";"HFI2-8912 IT-Betrieb und Monitoring mit BASH-Scripting";"Zürich Altstetten IFA";"270";"Europe/Zurich";"06.04.20, 21:30";"Europe/Zurich";"0";"270";"";"";"";"";"";"";"False";"";"False";"";"Ohne";"Europe/Zurich";"06.04.20, 21:30";"Europe/Zurich";"0";"270";"";"";"";"";"";"";"False"
"07.04.20";"17:00";"21:30";"HFWI6-8732 Software-Architekturen";"Zürich Altstetten IBZ";"270";"Europe/Zurich";"07.04.20, 21:30";"Europe/Zurich";"0";"270";"";"";"";"";"";"";"False";"";"False";"";"Ohne";"Europe/Zurich";"07.04.20, 21:30";"Europe/Zurich";"0";"270";"";"";"";"";"";"";"False"
"08.04.20";"08:00";"12:30";"HFWI6-8733 Software-Architekturen";"Zürich Altstetten IFA";"270";"Europe/Zurich";"08.04.20, 12:30";"Europe/Zurich";"0";"270";"";"";"";"";"";"";"False";"";"False";"";"Ohne";"Europe/Zurich";"08.04.20, 12:30";"Europe/Zurich";"0";"270";"";"";"";"";"";"";"False"
"21.04.20";"17:00";"21:30";"HFWI6-8732 Software-Architekturen";"Zürich Altstetten IBZ";"270";"Europe/Zurich";"21.04.20, 21:30";"Europe/Zurich";"0";"270";"";"";"";"";"";"";"False";"";"False";"";"Ohne";"Europe/Zurich";"21.04.20, 21:30";"Europe/Zurich";"0";"270";"";"";"";"";"";"";"False"
"22.04.20";"08:00";"12:30";"HFWI6-9733 Software-Architekturen";"(J. Reinholdt)";"270";"Europe/Zurich";"22.04.20, 12:30";"Europe/Zurich";"0";"270";"";"";"";"";"";"";"False";"";"False";"";"Ohne";"Europe/Zurich";"22.04.20, 12:30";"Europe/Zurich";"0";"270";"";"";"";"";"";"";"False"
"23.04.20";"08:00";"12:30";"HFI2-8913 IT-Betrieb und Monitoring mit BASH-Scripting";"Zürich Altstetten IFA";"270";"Europe/Zurich";"23.04.20, 12:30";"Europe/Zurich";"0";"270";"";"";"";"";"";"";"False";"";"False";"";"Ohne";"Europe/Zurich";"23.04.20, 12:30";"Europe/Zurich";"0";"270";"";"";"";"";"";"";"False"
"24.04.20";"08:00";"12:30";"HFWI6-3733 Software-Architekturen";"Bern IFA";"270";"Europe/Zurich";"24.04.20, 12:30";"Europe/Zurich";"0";"270";"";"";"";"";"";"";"False";"";"False";"";"Ohne";"Europe/Zurich";"24.04.20, 12:30";"Europe/Zurich";"0";"270";"";"";"";"";"";"";"False"
"27.04.20";"17:00";"21:30";"HFI2-8912 IT-Betrieb und Monitoring mit BASH-Scripting";"Zürich Altstetten IFA";"270";"Europe/Zurich";"27.04.20, 21:30";"Europe/Zurich";"0";"270";"";"";"";"";"";"";"False";"";"False";"";"Ohne";"Europe/Zurich";"27.04.20, 21:30";"Europe/Zurich";"0";"270";"";"";"";"";"";"";"False"
"28.04.20";"17:45";"21:30";"HFI2-3912 IT-Betrieb und Monitoring mit BASH-Scripting";"Bern IFA";"225";"Europe/Zurich";"28.04.20, 21:30";"Europe/Zurich";"0";"225";"";"";"";"";"";"";"False";"";"False";"";"Ohne";"Europe/Zurich";"28.04.20, 21:30";"Europe/Zurich";"0";"225";"";"";"";"";"";"";"False"
"29.04.20";"13:00";"17:30";"HFWI6-8733 Software-Architekturen";"Zürich Altstetten IFA";"270";"Europe/Zurich";"29.04.20, 17:30";"Europe/Zurich";"0";"270";"";"";"";"";"";"";"False";"";"False";"";"Ohne";"Europe/Zurich";"29.04.20, 17:30";"Europe/Zurich";"0";"270";"";"";"";"";"";"";"False"
"04.05.20";"17:00";"21:30";"HFI2-8912 IT-Betrieb und Monitoring mit BASH-Scripting";"Zürich Altstetten IFA";"270";"Europe/Zurich";"04.05.20, 21:30";"Europe/Zurich";"0";"270";"";"";"";"";"";"";"False";"";"False";"";"Ohne";"Europe/Zurich";"04.05.20, 21:30";"Europe/Zurich";"0";"270";"";"";"";"";"";"";"False"
"05.05.20";"17:00";"21:30";"HFI2-3912 IT-Betrieb und Monitoring mit BASH-Scripting";"Bern IFA";"270";"Europe/Zurich";"05.05.20, 21:30";"Europe/Zurich";"0";"270";"";"";"";"";"";"";"False";"";"False";"";"Ohne";"Europe/Zurich";"05.05.20, 21:30";"Europe/Zurich";"0";"270";"";"";"";"";"";"";"False"
"06.05.20";"13:00";"17:30";"HFWI6-8733 Software-Architekturen";"Zürich Altstetten IFA";"270";"Europe/Zurich";"06.05.20, 17:30";"Europe/Zurich";"0";"270";"";"";"";"";"";"";"False";"";"False";"";"Ohne";"Europe/Zurich";"06.05.20, 17:30";"Europe/Zurich";"0";"270";"";"";"";"";"";"";"False"
"06.05.20";"17:45";"21:30";"HFI2-8912 IT-Betrieb und Monitoring mit BASH-Scripting";"Zürich Altstetten IFA";"225";"Europe/Zurich";"06.05.20, 21:30";"Europe/Zurich";"0";"225";"";"";"";"";"";"";"False";"";"False";"";"Ohne";"Europe/Zurich";"06.05.20, 21:30";"Europe/Zurich";"0";"225";"";"";"";"";"";"";"False"
"07.05.20";"08:00";"12:30";"HFI2-8913 IT-Betrieb und Monitoring mit BASH-Scripting";"Zürich Altstetten IFA";"270";"Europe/Zurich";"07.05.20, 12:30";"Europe/Zurich";"0";"270";"";"";"";"";"";"";"False";"";"False";"";"Ohne";"Europe/Zurich";"07.05.20, 12:30";"Europe/Zurich";"0";"270";"";"";"";"";"";"";"False"
"11.05.20";"17:00";"21:30";"HFI2-8912 IT-Betrieb und Monitoring mit BASH-Scripting";"Zürich Altstetten IFA";"270";"Europe/Zurich";"11.05.20, 21:30";"Europe/Zurich";"0";"270";"";"";"";"";"";"";"False";"";"False";"";"Ohne";"Europe/Zurich";"11.05.20, 21:30";"Europe/Zurich";"0";"270";"";"";"";"";"";"";"False"
"12.05.20";"17:00";"21:30";"HFI2-3912 IT-Betrieb und Monitoring mit BASH-Scripting";"Bern IFA";"270";"Europe/Zurich";"12.05.20, 21:30";"Europe/Zurich";"0";"270";"";"";"";"";"";"";"False";"";"False";"";"Ohne";"Europe/Zurich";"12.05.20, 21:30";"Europe/Zurich";"0";"270";"";"";"";"";"";"";"False"
"13.05.20";"08:00";"12:30";"HFWI6-8733 Software-Architekturen";"Zürich Altstetten IFA";"270";"Europe/Zurich";"13.05.20, 12:30";"Europe/Zurich";"0";"270";"";"";"";"";"";"";"False";"";"False";"";"Ohne";"Europe/Zurich";"13.05.20, 12:30";"Europe/Zurich";"0";"270";"";"";"";"";"";"";"False"
"14.05.20";"08:00";"12:30";"HFI2-8913 IT-Betrieb und Monitoring mit BASH-Scripting";"Zürich Altstetten IFA";"270";"Europe/Zurich";"14.05.20, 12:30";"Europe/Zurich";"0";"270";"";"";"";"";"";"";"False";"";"False";"";"Ohne";"Europe/Zurich";"14.05.20, 12:30";"Europe/Zurich";"0";"270";"";"";"";"";"";"";"False"
"14.05.20";"17:45";"21:30";"HFI2-3912 IT-Betrieb und Monitoring mit BASH-Scripting";"Bern IFA";"225";"Europe/Zurich";"14.05.20, 21:30";"Europe/Zurich";"0";"225";"";"";"";"";"";"";"False";"";"False";"";"Ohne";"Europe/Zurich";"14.05.20, 21:30";"Europe/Zurich";"0";"225";"";"";"";"";"";"";"False"
"15.05.20";"08:00";"12:30";"HFWI5-3813 Programmiersprachen und Datenbankabfragen";"Bern IFA";"270";"Europe/Zurich";"15.05.20, 12:30";"Europe/Zurich";"0";"270";"";"";"";"";"";"";"False";"";"False";"";"Ohne";"Europe/Zurich";"15.05.20, 12:30";"Europe/Zurich";"0";"270";"";"";"";"";"";"";"False"
"19.05.20";"17:00";"21:30";"HFI2-3912 IT-Betrieb und Monitoring mit BASH-Scripting";"Bern IFA";"270";"Europe/Zurich";"19.05.20, 21:30";"Europe/Zurich";"0";"270";"";"";"";"";"";"";"False";"";"False";"";"Ohne";"Europe/Zurich";"19.05.20, 21:30";"Europe/Zurich";"0";"270";"";"";"";"";"";"";"False"
"22.05.20";"08:00";"12:30";"HFWI5-3813 Programmiersprachen und Datenbankabfragen";"Bern IFA";"270";"Europe/Zurich";"22.05.20, 12:30";"Europe/Zurich";"0";"270";"";"";"";"";"";"";"False";"";"False";"";"Ohne";"Europe/Zurich";"22.05.20, 12:30";"Europe/Zurich";"0";"270";"";"";"";"";"";"";"False"
"28.05.20";"08:00";"12:30";"HFI2-8913 IT-Betrieb und Monitoring mit BASH-Scripting";"Zürich Altstetten IFA";"270";"Europe/Zurich";"28.05.20, 12:30";"Europe/Zurich";"0";"270";"";"";"";"";"";"";"False";"";"False";"";"Ohne";"Europe/Zurich";"28.05.20, 12:30";"Europe/Zurich";"0";"270";"";"";"";"";"";"";"False"
"29.05.20";"08:00";"12:30";"HFWI5-3813 Programmiersprachen und Datenbankabfragen";"Bern IFA";"270";"Europe/Zurich";"29.05.20, 12:30";"Europe/Zurich";"0";"270";"";"";"";"";"";"";"False";"";"False";"";"Ohne";"Europe/Zurich";"29.05.20, 12:30";"Europe/Zurich";"0";"270";"";"";"";"";"";"";"False"
"04.06.20";"08:00";"12:30";"HFI2-8913 IT-Betrieb und Monitoring mit BASH-Scripting";"Zürich Altstetten IFA";"270";"Europe/Zurich";"04.06.20, 12:30";"Europe/Zurich";"0";"270";"";"";"";"";"";"";"False";"";"False";"";"Ohne";"Europe/Zurich";"04.06.20, 12:30";"Europe/Zurich";"0";"270";"";"";"";"";"";"";"False"
"05.06.20";"08:00";"12:30";"HFWI5-3813 Programmiersprachen und Datenbankabfragen";"Bern IFA";"270";"Europe/Zurich";"05.06.20, 12:30";"Europe/Zurich";"0";"270";"";"";"";"";"";"";"False";"";"False";"";"Ohne";"Europe/Zurich";"05.06.20, 12:30";"Europe/Zurich";"0";"270";"";"";"";"";"";"";"False"
"12.06.20";"08:00";"12:30";"HFWI5-3813 Programmiersprachen und Datenbankabfragen";"Bern IFA";"270";"Europe/Zurich";"12.06.20, 12:30";"Europe/Zurich";"0";"270";"";"";"";"";"";"";"False";"";"False";"";"Ohne";"Europe/Zurich";"12.06.20, 12:30";"Europe/Zurich";"0";"270";"";"";"";"";"";"";"False"
"12.06.20";"13:00";"17:30";"HFWI4-3833 Software Engineering (UML)";"Bern IFA";"270";"Europe/Zurich";"12.06.20, 17:30";"Europe/Zurich";"0";"270";"";"";"";"";"";"";"False";"";"False";"";"Ohne";"Europe/Zurich";"12.06.20, 17:30";"Europe/Zurich";"0";"270";"";"";"";"";"";"";"False"
"19.06.20";"08:00";"12:30";"HFWI5-3813 Programmiersprachen und Datenbankabfragen";"Bern IFA";"270";"Europe/Zurich";"19.06.20, 12:30";"Europe/Zurich";"0";"270";"";"";"";"";"";"";"False";"";"False";"";"Ohne";"Europe/Zurich";"19.06.20, 12:30";"Europe/Zurich";"0";"270";"";"";"";"";"";"";"False"
"19.06.20";"13:00";"17:30";"HFWI4-3833 Software Engineering (UML)";"Bern IFA";"270";"Europe/Zurich";"19.06.20, 17:30";"Europe/Zurich";"0";"270";"";"";"";"";"";"";"False";"";"False";"";"Ohne";"Europe/Zurich";"19.06.20, 17:30";"Europe/Zurich";"0";"270";"";"";"";"";"";"";"False"
"26.06.20";"08:45";"12:30";"HFWI5-3813 Programmiersprachen und Datenbankabfragen";"Bern IFA";"225";"Europe/Zurich";"26.06.20, 12:30";"Europe/Zurich";"0";"225";"";"";"";"";"";"";"False";"";"False";"";"Ohne";"Europe/Zurich";"26.06.20, 12:30";"Europe/Zurich";"0";"225";"";"";"";"";"";"";"False"
"26.06.20";"13:00";"17:30";"HFWI4-3833 Software Engineering (UML)";"Bern IFA";"270";"Europe/Zurich";"26.06.20, 17:30";"Europe/Zurich";"0";"270";"";"";"";"";"";"";"False";"";"False";"";"Ohne";"Europe/Zurich";"26.06.20, 17:30";"Europe/Zurich";"0";"270";"";"";"";"";"";"";"False"
"29.06.20";"17:00";"21:30";"HFI4-3832 Virtualisierung";"Bern IFA";"270";"Europe/Zurich";"29.06.20, 21:30";"Europe/Zurich";"0";"270";"";"";"";"";"";"";"False";"";"False";"";"Ohne";"Europe/Zurich";"29.06.20, 21:30";"Europe/Zurich";"0";"270";"";"";"";"";"";"";"False"
"03.07.20";"13:00";"17:30";"HFWI4-3833 Software Engineering (UML)";"Bern IFA";"270";"Europe/Zurich";"03.07.20, 17:30";"Europe/Zurich";"0";"270";"";"";"";"";"";"";"False";"";"False";"";"Ohne";"Europe/Zurich";"03.07.20, 17:30";"Europe/Zurich";"0";"270";"";"";"";"";"";"";"False"
"06.07.20";"17:00";"21:30";"HFI4-3832 Virtualisierung";"Bern IFA";"270";"Europe/Zurich";"06.07.20, 21:30";"Europe/Zurich";"0";"270";"";"";"";"";"";"";"False";"";"False";"";"Ohne";"Europe/Zurich";"06.07.20, 21:30";"Europe/Zurich";"0";"270";"";"";"";"";"";"";"False"
"10.07.20";"08:00";"12:30";"HFWI4-3833 Software Engineering (UML)";"Bern IFA";"270";"Europe/Zurich";"10.07.20, 12:30";"Europe/Zurich";"0";"270";"";"";"";"";"";"";"False";"";"False";"";"Ohne";"Europe/Zurich";"10.07.20, 12:30";"Europe/Zurich";"0";"270";"";"";"";"";"";"";"False"
"10.08.20";"17:00";"21:30";"HFI4-3832 Virtualisierung";"Bern IFA";"270";"Europe/Zurich";"10.08.20, 21:30";"Europe/Zurich";"0";"270";"";"";"";"";"";"";"False";"";"False";"";"Ohne";"Europe/Zurich";"10.08.20, 21:30";"Europe/Zurich";"0";"270";"";"";"";"";"";"";"False"
"17.08.20";"17:00";"21:30";"HFI3-8912 IT-Architekturen";"Zürich Altstetten IFA";"270";"Europe/Zurich";"17.08.20, 21:30";"Europe/Zurich";"0";"270";"";"";"";"";"";"";"False";"";"False";"";"Ohne";"Europe/Zurich";"17.08.20, 21:30";"Europe/Zurich";"0";"270";"";"";"";"";"";"";"False"
"17.08.20";"17:00";"21:30";"HFI4-3832 Virtualisierung";"Bern IFA";"270";"Europe/Zurich";"17.08.20, 21:30";"Europe/Zurich";"0";"270";"";"";"";"";"";"";"False";"";"False";"";"Ohne";"Europe/Zurich";"17.08.20, 21:30";"Europe/Zurich";"0";"270";"";"";"";"";"";"";"False"
"21.08.20";"08:45";"12:30";"HFWI4-3833 Software Engineering (UML)";"Bern IFA";"225";"Europe/Zurich";"21.08.20, 12:30";"Europe/Zurich";"0";"225";"";"";"";"";"";"";"False";"";"False";"";"Ohne";"Europe/Zurich";"21.08.20, 12:30";"Europe/Zurich";"0";"225";"";"";"";"";"";"";"False"
"24.08.20";"17:00";"21:30";"HFI3-8912 IT-Architekturen";"Zürich Altstetten IFA";"270";"Europe/Zurich";"24.08.20, 21:30";"Europe/Zurich";"0";"270";"";"";"";"";"";"";"False";"";"False";"";"Ohne";"Europe/Zurich";"24.08.20, 21:30";"Europe/Zurich";"0";"270";"";"";"";"";"";"";"False"
"24.08.20";"17:00";"21:30";"HFI4-3832 Virtualisierung";"Bern IFA";"270";"Europe/Zurich";"24.08.20, 21:30";"Europe/Zurich";"0";"270";"";"";"";"";"";"";"False";"";"False";"";"Ohne";"Europe/Zurich";"24.08.20, 21:30";"Europe/Zurich";"0";"270";"";"";"";"";"";"";"False"
"26.08.20";"08:00";"12:30";"HFI3-3913 IT-Architekturen";"Bern IFA";"270";"Europe/Zurich";"26.08.20, 12:30";"Europe/Zurich";"0";"270";"";"";"";"";"";"";"False";"";"False";"";"Ohne";"Europe/Zurich";"26.08.20, 12:30";"Europe/Zurich";"0";"270";"";"";"";"";"";"";"False"
"28.08.20";"08:00";"12:30";"HFWI4-3833 Software Engineering (UML)";"Bern IFA";"270";"Europe/Zurich";"28.08.20, 12:30";"Europe/Zurich";"0";"270";"";"";"";"";"";"";"False";"";"False";"";"Ohne";"Europe/Zurich";"28.08.20, 12:30";"Europe/Zurich";"0";"270";"";"";"";"";"";"";"False"
"31.08.20";"17:00";"21:30";"HFI3-8912 IT-Architekturen";"Zürich Altstetten IFA";"270";"Europe/Zurich";"31.08.20, 21:30";"Europe/Zurich";"0";"270";"";"";"";"";"";"";"False";"";"False";"";"Ohne";"Europe/Zurich";"31.08.20, 21:30";"Europe/Zurich";"0";"270";"";"";"";"";"";"";"False"
"02.09.20";"08:00";"12:30";"HFI3-3913 IT-Architekturen";"Bern IFA";"270";"Europe/Zurich";"02.09.20, 12:30";"Europe/Zurich";"0";"270";"";"";"";"";"";"";"False";"";"False";"";"Ohne";"Europe/Zurich";"02.09.20, 12:30";"Europe/Zurich";"0";"270";"";"";"";"";"";"";"False"
"07.09.20";"17:00";"21:30";"HFI3-8912 IT-Architekturen";"Zürich Altstetten IFA";"270";"Europe/Zurich";"07.09.20, 21:30";"Europe/Zurich";"0";"270";"";"";"";"";"";"";"False";"";"False";"";"Ohne";"Europe/Zurich";"07.09.20, 21:30";"Europe/Zurich";"0";"270";"";"";"";"";"";"";"False"
"07.09.20";"17:00";"21:30";"HFI4-3832 Virtualisierung";"Bern IFA";"270";"Europe/Zurich";"07.09.20, 21:30";"Europe/Zurich";"0";"270";"";"";"";"";"";"";"False";"";"False";"";"Ohne";"Europe/Zurich";"07.09.20, 21:30";"Europe/Zurich";"0";"270";"";"";"";"";"";"";"False"
"09.09.20";"08:00";"12:30";"HFI3-3913 IT-Architekturen";"Bern IFA";"270";"Europe/Zurich";"09.09.20, 12:30";"Europe/Zurich";"0";"270";"";"";"";"";"";"";"False";"";"False";"";"Ohne";"Europe/Zurich";"09.09.20, 12:30";"Europe/Zurich";"0";"270";"";"";"";"";"";"";"False"
"10.09.20";"08:00";"12:30";"HFI3-8913 IT-Architekturen";"Zürich Altstetten IFA";"270";"Europe/Zurich";"10.09.20, 12:30";"Europe/Zurich";"0";"270";"";"";"";"";"";"";"False";"";"False";"";"Ohne";"Europe/Zurich";"10.09.20, 12:30";"Europe/Zurich";"0";"270";"";"";"";"";"";"";"False"
"16.09.20";"08:00";"12:30";"HFI3-3913 IT-Architekturen";"Bern IFA";"270";"Europe/Zurich";"16.09.20, 12:30";"Europe/Zurich";"0";"270";"";"";"";"";"";"";"False";"";"False";"";"Ohne";"Europe/Zurich";"16.09.20, 12:30";"Europe/Zurich";"0";"270";"";"";"";"";"";"";"False"
"16.09.20";"17:00";"21:30";"HFI3-8912 IT-Architekturen";"Zürich Altstetten IFA";"270";"Europe/Zurich";"16.09.20, 21:30";"Europe/Zurich";"0";"270";"";"";"";"";"";"";"False";"";"False";"";"Ohne";"Europe/Zurich";"16.09.20, 21:30";"Europe/Zurich";"0";"270";"";"";"";"";"";"";"False"
"17.09.20";"08:00";"12:30";"HFI3-8913 IT-Architekturen";"Zürich Altstetten IFA";"270";"Europe/Zurich";"17.09.20, 12:30";"Europe/Zurich";"0";"270";"";"";"";"";"";"";"False";"";"False";"";"Ohne";"Europe/Zurich";"17.09.20, 12:30";"Europe/Zurich";"0";"270";"";"";"";"";"";"";"False"
"21.09.20";"17:00";"21:30";"HFI4-3832 Virtualisierung";"Bern IFA";"270";"Europe/Zurich";"21.09.20, 21:30";"Europe/Zurich";"0";"270";"";"";"";"";"";"";"False";"";"False";"";"Ohne";"Europe/Zurich";"21.09.20, 21:30";"Europe/Zurich";"0";"270";"";"";"";"";"";"";"False"
"23.09.20";"08:00";"12:30";"HFI3-3913 IT-Architekturen";"Bern IFA";"270";"Europe/Zurich";"23.09.20, 12:30";"Europe/Zurich";"0";"270";"";"";"";"";"";"";"False";"";"False";"";"Ohne";"Europe/Zurich";"23.09.20, 12:30";"Europe/Zurich";"0";"270";"";"";"";"";"";"";"False"
"24.09.20";"08:00";"12:30";"HFI3-8913 IT-Architekturen";"Zürich Altstetten IFA";"270";"Europe/Zurich";"24.09.20, 12:30";"Europe/Zurich";"0";"270";"";"";"";"";"";"";"False";"";"False";"";"Ohne";"Europe/Zurich";"24.09.20, 12:30";"Europe/Zurich";"0";"270";"";"";"";"";"";"";"False"
"14.10.20";"17:45";"21:30";"HFI4-3832 Virtualisierung";"Bern IFA";"225";"Europe/Zurich";"14.10.20, 21:30";"Europe/Zurich";"0";"225";"";"";"";"";"";"";"False";"";"False";"";"Ohne";"Europe/Zurich";"14.10.20, 21:30";"Europe/Zurich";"0";"225";"";"";"";"";"";"";"False"
"15.10.20";"08:00";"12:30";"HFI3-8913 IT-Architekturen";"Zürich Altstetten IFA";"270";"Europe/Zurich";"15.10.20, 12:30";"Europe/Zurich";"0";"270";"";"";"";"";"";"";"False";"";"False";"";"Ohne";"Europe/Zurich";"15.10.20, 12:30";"Europe/Zurich";"0";"270";"";"";"";"";"";"";"False"
"15.10.20";"09:00";"10:00";"Termin Blutabnahme";"";"60";"Europe/Zurich";"15.10.20, 10:00";"Europe/Zurich";"0";"60";"";"";"";"";"";"Every 3 months on the 15.";"False";"15.10.20, 09:00";"False";"Beschäftigt";"Ohne";"Europe/Zurich";"15.10.20, 10:00";"Europe/Zurich";"0";"60";"";"";"";"";"";"Every 3 months on the 15.";"False"
"19.10.20";"17:00";"21:30";"HFI4-3832 Virtualisierung";"Bern IFA";"270";"Europe/Zurich";"19.10.20, 21:30";"Europe/Zurich";"0";"270";"";"";"";"";"";"";"False";"";"False";"";"Ohne";"Europe/Zurich";"19.10.20, 21:30";"Europe/Zurich";"0";"270";"";"";"";"";"";"";"False"
"21.10.20";"17:00";"21:30";"HFI4-3832 Virtualisierung";"Bern IFA";"270";"Europe/Zurich";"21.10.20, 21:30";"Europe/Zurich";"0";"270";"";"";"";"";"";"";"False";"";"False";"";"Ohne";"Europe/Zurich";"21.10.20, 21:30";"Europe/Zurich";"0";"270";"";"";"";"";"";"";"False"
"22.10.20";"08:00";"12:30";"HFI3-8913 IT-Architekturen";"Zürich Altstetten IFA";"270";"Europe/Zurich";"22.10.20, 12:30";"Europe/Zurich";"0";"270";"";"";"";"";"";"";"False";"";"False";"";"Ohne";"Europe/Zurich";"22.10.20, 12:30";"Europe/Zurich";"0";"270";"";"";"";"";"";"";"False"
"10.11.20";"13:00";"16:45";"HFWI6-8813 Software-Architekturen";"Zürich Altstetten IFA";"225";"Europe/Zurich";"10.11.20, 16:45";"Europe/Zurich";"0";"225";"";"";"";"";"";"";"False";"";"False";"";"Ohne";"Europe/Zurich";"10.11.20, 16:45";"Europe/Zurich";"0";"225";"";"";"";"";"";"";"False"
"13.11.20";"13:00";"17:30";"HFWI6-3813 Software-Architekturen";"Bern IFA";"270";"Europe/Zurich";"13.11.20, 17:30";"Europe/Zurich";"0";"270";"";"";"";"";"";"";"False";"";"False";"";"Ohne";"Europe/Zurich";"13.11.20, 17:30";"Europe/Zurich";"0";"270";"";"";"";"";"";"";"False"
"17.11.20";"13:00";"17:30";"HFWI6-8813 Software-Architekturen";"Zürich Altstetten IFA";"270";"Europe/Zurich";"17.11.20, 17:30";"Europe/Zurich";"0";"270";"";"";"";"";"";"";"False";"";"False";"";"Ohne";"Europe/Zurich";"17.11.20, 17:30";"Europe/Zurich";"0";"270";"";"";"";"";"";"";"False"
"20.11.20";"13:00";"17:30";"HFWI6-3813 Software-Architekturen";"Bern IFA";"270";"Europe/Zurich";"20.11.20, 17:30";"Europe/Zurich";"0";"270";"";"";"";"";"";"";"False";"";"False";"";"Ohne";"Europe/Zurich";"20.11.20, 17:30";"Europe/Zurich";"0";"270";"";"";"";"";"";"";"False"
"24.11.20";"13:00";"17:30";"HFWI6-8813 Software-Architekturen";"Zürich Altstetten IFA";"270";"Europe/Zurich";"24.11.20, 17:30";"Europe/Zurich";"0";"270";"";"";"";"";"";"";"False";"";"False";"";"Ohne";"Europe/Zurich";"24.11.20, 17:30";"Europe/Zurich";"0";"270";"";"";"";"";"";"";"False"
"27.11.20";"13:00";"17:30";"HFWI6-3813 Software-Architekturen";"Bern IFA";"270";"Europe/Zurich";"27.11.20, 17:30";"Europe/Zurich";"0";"270";"";"";"";"";"";"";"False";"";"False";"";"Ohne";"Europe/Zurich";"27.11.20, 17:30";"Europe/Zurich";"0";"270";"";"";"";"";"";"";"False"
"01.12.20";"08:00";"12:30";"HFWI6-8813 Software-Architekturen";"Zürich Altstetten IFA";"270";"Europe/Zurich";"01.12.20, 12:30";"Europe/Zurich";"0";"270";"";"";"";"";"";"";"False";"";"False";"";"Ohne";"Europe/Zurich";"01.12.20, 12:30";"Europe/Zurich";"0";"270";"";"";"";"";"";"";"False"
"04.12.20";"08:00";"11:45";"HFWI6-3813 Software-Architekturen";"Bern IFA";"225";"Europe/Zurich";"04.12.20, 11:45";"Europe/Zurich";"0";"225";"";"";"";"";"";"";"False";"";"False";"";"Ohne";"Europe/Zurich";"04.12.20, 11:45";"Europe/Zurich";"0";"225";"";"";"";"";"";"";"False"
